{
    "roots": {
        "c:\\dev\\project_a": {
            "host": "demo001.service-now.com",
            "user": "admin",
            "pass": "admin"
        },
        "c:\\dev\\project_b": {
            "host": "demo002.service-now.com",
            "auth": "YWRtaW46YWRtaW4="
        }
    },
    "folders": {
        "business_rules": {
            "table": "sys_script",
            "key": "name",
            "fields": {
                "js": "script"
            }
        },
        "client_scripts": {
            "table": "sys_script_client",
            "key": "name",
            "fields": {
                "js": "script"
            }
        },
        "processors": {
            "table": "sys_processor",
            "key": "name",
            "fields": {
                "js": "script"
            }
        },
        "script_actions": {
            "table": "sysevent_script_action",
            "key": "name",
            "fields": {
                "js": "script"
            }
        },
        "script_includes": {
            "table": "sys_script_include",
            "key": "name",
            "fields": {
                "js": "script"
            }
        },
        "style_sheets": {
            "table": "content_css",
            "key": "name",
            "fields": {
                "css": "style"
            }
        },
        "ui_actions": {
            "table": "sys_ui_action",
            "key": "name",
            "fields": {
                "js": "script"
            }
        },
        "ui_macros": {
            "table": "sys_ui_macro",
            "key": "name",
            "fields": {
                "xhtml": "xml"
            }
        },
        "ui_pages": {
            "table": "sys_ui_page",
            "key": "name",
            "fields": {
                "xhtml": "html",
                "client.js": "client_script",
                "server.js": "processing_script"
            }
        },
        "ui_scripts": {
            "table": "sys_ui_script",
            "key": "name",
            "fields": {
                "js": "script"
            }
        }
    },
    "debug": false
}